{
  "best_epoch": 3,
  "best_val_pr_auc": 0.03887681271543849,
  "umbral_optimo": 0.4700000000000001,
  "metricas_validacion_final": {
    "loss": 0.5688878758998495,
    "roc_auc": 0.8339692201114008,
    "pr_auc": 0.03887681271543849,
    "brier": 0.03279813751578331,
    "precision": 0.049132947976878616,
    "recall": 0.20359281437125748,
    "f1": 0.07916181606519208,
    "matriz_confusion": [
      [
        26103,
        658
      ],
      [
        133,
        34
      ]
    ]
  },
  "metricas_prueba_final": {
    "loss": 0.4487880237082735,
    "roc_auc": 0.887232582096133,
    "pr_auc": 0.07284512314318145,
    "brier": 0.02790202386677265,
    "precision": 0.08605341246290801,
    "recall": 0.3972602739726027,
    "f1": 0.14146341463414633,
    "matriz_confusion": [
      [
        13083,
        308
      ],
      [
        44,
        29
      ]
    ]
  }
}