{
  "best_epoch": 7,
  "best_val_pr_auc": 0.03670876663692247,
  "umbral_optimo": 0.5500000000000002,
  "metricas_validacion_final": {
    "loss": 0.6299982630557021,
    "roc_auc": 0.8093024369406996,
    "pr_auc": 0.03670876663692247,
    "brier": 0.02990783378481865,
    "precision": 0.07090103397341212,
    "recall": 0.2874251497005988,
    "f1": 0.11374407582938388,
    "matriz_confusion": [
      [
        26132,
        629
      ],
      [
        119,
        48
      ]
    ]
  },
  "metricas_prueba_final": {
    "loss": 0.43366503671376627,
    "roc_auc": 0.89573553286147,
    "pr_auc": 0.09274647947276594,
    "brier": 0.02487325482070446,
    "precision": 0.08250825082508251,
    "recall": 0.3424657534246575,
    "f1": 0.13297872340425532,
    "matriz_confusion": [
      [
        13113,
        278
      ],
      [
        48,
        25
      ]
    ]
  }
}