{
  "best_epoch": 1,
  "best_val_pr_auc": 0.03265495206066386,
  "umbral_optimo": 0.43000000000000005,
  "metricas_validacion_final": {
    "loss": 0.593161723919372,
    "roc_auc": 0.8133406219212113,
    "pr_auc": 0.03265495206066386,
    "brier": 0.03518783301115036,
    "precision": 0.0358719646799117,
    "recall": 0.38922155688622756,
    "f1": 0.06568974229408793,
    "matriz_confusion": [
      [
        25014,
        1747
      ],
      [
        102,
        65
      ]
    ]
  },
  "metricas_prueba_final": {
    "loss": 0.4256749977909417,
    "roc_auc": 0.901143990596833,
    "pr_auc": 0.06491335346627859,
    "brier": 0.02927696518599987,
    "precision": 0.061277705345501955,
    "recall": 0.6438356164383562,
    "f1": 0.11190476190476191,
    "matriz_confusion": [
      [
        12671,
        720
      ],
      [
        26,
        47
      ]
    ]
  }
}