{
  "best_epoch": 10,
  "best_val_pr_auc": 0.023702066167637502,
  "umbral_optimo": 0.5000000000000001,
  "metricas_validacion_final": {
    "loss": 0.7420062702104909,
    "roc_auc": 0.7415617552309901,
    "pr_auc": 0.023702066167637502,
    "brier": 0.03262481465935707,
    "precision": 0.04088586030664395,
    "recall": 0.2874251497005988,
    "f1": 0.07158836689038031,
    "matriz_confusion": [
      [
        25635,
        1126
      ],
      [
        119,
        48
      ]
    ]
  },
  "metricas_prueba_final": {
    "loss": 0.4747790426845658,
    "roc_auc": 0.8560308855978713,
    "pr_auc": 0.05968770065722787,
    "brier": 0.030173171311616898,
    "precision": 0.06451612903225806,
    "recall": 0.4931506849315068,
    "f1": 0.11410459587955626,
    "matriz_confusion": [
      [
        12869,
        522
      ],
      [
        37,
        36
      ]
    ]
  },
  "attention_mean_validacion": [
    0.03492400422692299,
    0.04415145888924599,
    0.04902048408985138,
    0.04799230024218559,
    0.044437307864427567,
    0.0409855842590332,
    0.03890363499522209,
    0.03829709440469742,
    0.03885059058666229,
    0.038679879158735275,
    0.03971505165100098,
    0.04094571992754936,
    0.04151341691613197,
    0.04103050008416176,
    0.039601076394319534,
    0.038270898163318634,
    0.03799784928560257,
    0.03902789205312729,
    0.040522366762161255,
    0.04218888282775879,
    0.04388779401779175,
    0.04541866481304169,
    0.046591076999902725,
    0.04704632982611656
  ]
}