{
  "best_epoch": 15,
  "best_val_pr_auc": 0.03128536357812352,
  "umbral_optimo": 0.4600000000000001,
  "metricas_validacion_final": {
    "loss": 0.6757325874575173,
    "roc_auc": 0.7775753750150757,
    "pr_auc": 0.03128536357812352,
    "brier": 0.02872581221163273,
    "precision": 0.05308775731310943,
    "recall": 0.2934131736526946,
    "f1": 0.08990825688073395,
    "matriz_confusion": [
      [
        25887,
        874
      ],
      [
        118,
        49
      ]
    ]
  },
  "metricas_prueba_final": {
    "loss": 0.4757285958058885,
    "roc_auc": 0.8672539213108783,
    "pr_auc": 0.07149196178981532,
    "brier": 0.02373363822698593,
    "precision": 0.0774818401937046,
    "recall": 0.4383561643835616,
    "f1": 0.13168724279835392,
    "matriz_confusion": [
      [
        13010,
        381
      ],
      [
        41,
        32
      ]
    ]
  },
  "attention_mean_validacion": [
    0.04949824512004852,
    0.04877875745296478,
    0.04846280440688133,
    0.04747310280799866,
    0.04577277973294258,
    0.0437636636197567,
    0.04226662963628769,
    0.04130617529153824,
    0.04063396155834198,
    0.03960340842604637,
    0.03907230496406555,
    0.03892471268773079,
    0.038847748190164566,
    0.03895556181669235,
    0.039041511714458466,
    0.03918882831931114,
    0.03931228443980217,
    0.03959103301167488,
    0.03969584405422211,
    0.03976363688707352,
    0.039879005402326584,
    0.03996550664305687,
    0.040081363171339035,
    0.04012196883559227
  ]
}