{
  "best_epoch": 6,
  "best_val_pr_auc": 0.03018293863455864,
  "umbral_optimo": 0.5400000000000001,
  "metricas_validacion_final": {
    "loss": 0.615020010717691,
    "roc_auc": 0.8264746244590898,
    "pr_auc": 0.03018293863455864,
    "brier": 0.028785724192857742,
    "precision": 0.05660377358490566,
    "recall": 0.23353293413173654,
    "f1": 0.0911214953271028,
    "matriz_confusion": [
      [
        26111,
        650
      ],
      [
        128,
        39
      ]
    ]
  },
  "metricas_prueba_final": {
    "loss": 0.40531697103056297,
    "roc_auc": 0.9146871288526438,
    "pr_auc": 0.06709722817838124,
    "brier": 0.024669816717505455,
    "precision": 0.07384615384615385,
    "recall": 0.3287671232876712,
    "f1": 0.12060301507537688,
    "matriz_confusion": [
      [
        13090,
        301
      ],
      [
        49,
        24
      ]
    ]
  }
}