{
  "seed": 42,
  "device": "cpu",
  "batch_size": 100,
  "epochs_max": 30,
  "lr": 0.0004,
  "patience": 5,
  "weight_decay": 1e-05,
  "grad_clip": 1.0,
  "pos_weight": 50.0,
  "best_epoch": 14,
  "best_val_pr_auc": 0.033793197309233136,
  "umbral_optimo": 0.32000000000000006,
  "metricas_validacion_final": {
    "loss": 0.7529103681341641,
    "roc_auc": 0.83438071355514,
    "pr_auc": 0.033793197309233136,
    "brier": 0.013972342014312744,
    "precision": 0.05465288035450517,
    "recall": 0.2215568862275449,
    "f1": 0.08767772511848342,
    "matriz_confusion": [
      [
        26121,
        640
      ],
      [
        130,
        37
      ]
    ]
  },
  "metricas_prueba_final": {
    "loss": 0.5107730832916719,
    "roc_auc": 0.9136887072998324,
    "pr_auc": 0.08347059121630798,
    "brier": 0.011659491807222366,
    "precision": 0.08666666666666667,
    "recall": 0.3561643835616438,
    "f1": 0.13941018766756033,
    "matriz_confusion": [
      [
        13117,
        274
      ],
      [
        47,
        26
      ]
    ]
  }
}