{
  "best_epoch": 10,
  "best_val_pr_auc": 0.035615945570256144,
  "umbral_optimo": 0.6400000000000001,
  "metricas_validacion_final": {
    "loss": 0.5827555915433692,
    "roc_auc": 0.8335360220107598,
    "pr_auc": 0.035615945570256144,
    "brier": 0.036921072751283646,
    "precision": 0.059895833333333336,
    "recall": 0.1377245508982036,
    "f1": 0.08348457350272233,
    "matriz_confusion": [
      [
        26400,
        361
      ],
      [
        144,
        23
      ]
    ]
  },
  "metricas_prueba_final": {
    "loss": 0.4185798440428707,
    "roc_auc": 0.9035009201641258,
    "pr_auc": 0.08577490632179231,
    "brier": 0.02727554365992546,
    "precision": 0.08433734939759036,
    "recall": 0.1917808219178082,
    "f1": 0.11715481171548117,
    "matriz_confusion": [
      [
        13239,
        152
      ],
      [
        59,
        14
      ]
    ]
  }
}