{
  "best_epoch": 1,
  "best_val_pr_auc": 0.03325342039938117,
  "umbral_optimo": 0.43000000000000005,
  "metricas_validacion_final": {
    "loss": 0.5903807054948496,
    "roc_auc": 0.8200643666144786,
    "pr_auc": 0.03325342039938117,
    "brier": 0.03313214331865311,
    "precision": 0.03801765105227427,
    "recall": 0.33532934131736525,
    "f1": 0.06829268292682927,
    "matriz_confusion": [
      [
        25344,
        1417
      ],
      [
        111,
        56
      ]
    ]
  },
  "metricas_prueba_final": {
    "loss": 0.4195215436519605,
    "roc_auc": 0.8985916732051684,
    "pr_auc": 0.08204256048549567,
    "brier": 0.028528617694973946,
    "precision": 0.06240713224368499,
    "recall": 0.5753424657534246,
    "f1": 0.1126005361930295,
    "matriz_confusion": [
      [
        12760,
        631
      ],
      [
        31,
        42
      ]
    ]
  }
}